{
    "0b8a8c01-aa73-47bc-8671-6c9d6bb6d3c3": {
        "user_id": "2f87c3b1-0f5e-4448-9352-be50a2421867",
        "created_at": 1733404771.710259,
        "expires_at": 1733491171.710259,
        "ip_address": null
    },
    "9e137c9d-b17c-4356-b10b-311b6875477d": {
        "user_id": "797399cf-0d9f-4a21-9074-94632aaf73ab",
        "created_at": 1733405915.950929,
        "expires_at": 1733492315.950929,
        "ip_address": null
    },
    "a0fd15ad-7fdb-4959-a0c3-cd5eb412db91": {
        "user_id": "c4db4809-f9ad-43e2-acc1-069052fc5694",
        "created_at": 1733406069.337792,
        "expires_at": 1733492469.337792,
        "ip_address": null
    },
    "51121948-1a60-472b-aaae-2c7e16d858c4": {
        "user_id": "2f87c3b1-0f5e-4448-9352-be50a2421867",
        "created_at": 1733406857.693608,
        "expires_at": 1733493257.693608,
        "ip_address": null
    },
    "75224718-021d-41d6-b0bf-27e7aeca2de2": {
        "user_id": "2f87c3b1-0f5e-4448-9352-be50a2421867",
        "created_at": 1733406967.098122,
        "expires_at": 1733493367.098122,
        "ip_address": null
    },
    "31d99969-1db9-4710-a5d5-4136c217f0ab": {
        "user_id": "d4a96073-a9df-4a06-a07d-db0065144aa2",
        "created_at": 1733406977.4755251,
        "expires_at": 1733493377.4755251,
        "ip_address": null
    },
    "750d938a-a142-4596-8bb1-1d742a9d37e0": {
        "user_id": "d4a96073-a9df-4a06-a07d-db0065144aa2",
        "created_at": 1733407136.090518,
        "expires_at": 1733493536.090518,
        "ip_address": null
    },
    "ac2bd328-333a-48e1-b6e6-0a1568bb62f9": {
        "user_id": "d4a96073-a9df-4a06-a07d-db0065144aa2",
        "created_at": 1733407136.6901472,
        "expires_at": 1733493536.6901472,
        "ip_address": null
    },
    "cfd3f041-52bf-4c14-92cf-ced953707295": {
        "user_id": "d4a96073-a9df-4a06-a07d-db0065144aa2",
        "created_at": 1733407137.4555562,
        "expires_at": 1733493537.4555562,
        "ip_address": null
    },
    "ec469d34-4f33-4495-91ca-254d1f4bdaa6": {
        "user_id": "d4a96073-a9df-4a06-a07d-db0065144aa2",
        "created_at": 1733407138.5762959,
        "expires_at": 1733493538.5762959,
        "ip_address": null
    },
    "351b34a3-1511-498f-bfcc-238b0ed2b845": {
        "user_id": "d4a96073-a9df-4a06-a07d-db0065144aa2",
        "created_at": 1733407147.455658,
        "expires_at": 1733493547.455658,
        "ip_address": null
    },
    "332a96de-41cf-473e-900e-07510faec50a": {
        "user_id": "d4a96073-a9df-4a06-a07d-db0065144aa2",
        "created_at": 1733407148.1566458,
        "expires_at": 1733493548.1566458,
        "ip_address": null
    },
    "f8eea2ad-e69f-4fb8-ad4a-c39c41a17e84": {
        "user_id": "d4a96073-a9df-4a06-a07d-db0065144aa2",
        "created_at": 1733407148.55257,
        "expires_at": 1733493548.55257,
        "ip_address": null
    },
    "ac5c98b8-2425-4fe7-9265-d8aaff66fc96": {
        "user_id": "d4a96073-a9df-4a06-a07d-db0065144aa2",
        "created_at": 1733407149.13243,
        "expires_at": 1733493549.13243,
        "ip_address": null
    },
    "e9c4dbf8-6a67-4959-bc8c-25bdbef1b36b": {
        "user_id": "d4a96073-a9df-4a06-a07d-db0065144aa2",
        "created_at": 1733407149.557997,
        "expires_at": 1733493549.557997,
        "ip_address": null
    },
    "15367dcd-1cca-46c2-8eb2-378438e36e93": {
        "user_id": "d4a96073-a9df-4a06-a07d-db0065144aa2",
        "created_at": 1733407149.98808,
        "expires_at": 1733493549.98808,
        "ip_address": null
    },
    "ffd893b1-dbef-422d-bddc-3357dea7ae5f": {
        "user_id": "d4a96073-a9df-4a06-a07d-db0065144aa2",
        "created_at": 1733407150.402893,
        "expires_at": 1733493550.402893,
        "ip_address": null
    },
    "7aa20580-ead2-4467-b6e1-ed16c9aaa10e": {
        "user_id": "d4a96073-a9df-4a06-a07d-db0065144aa2",
        "created_at": 1733407224.652784,
        "expires_at": 1733493624.652784,
        "ip_address": null
    },
    "86a90a1f-f8db-4848-be43-c4ed1ae7073e": {
        "user_id": "d4a96073-a9df-4a06-a07d-db0065144aa2",
        "created_at": 1733407226.772384,
        "expires_at": 1733493626.772384,
        "ip_address": null
    },
    "a35791fc-4b03-49fd-a7e8-a17c8e831f28": {
        "user_id": "d4a96073-a9df-4a06-a07d-db0065144aa2",
        "created_at": 1733407228.89504,
        "expires_at": 1733493628.89504,
        "ip_address": null
    },
    "1b294211-2147-4e48-afbd-88e85711bb83": {
        "user_id": "d4a96073-a9df-4a06-a07d-db0065144aa2",
        "created_at": 1733407231.0214558,
        "expires_at": 1733493631.0214558,
        "ip_address": null
    },
    "869f228f-2b52-46f9-bd70-862022fab175": {
        "user_id": "d4a96073-a9df-4a06-a07d-db0065144aa2",
        "created_at": 1733407233.257926,
        "expires_at": 1733493633.257926,
        "ip_address": null
    },
    "2703c6a8-5944-4eea-8d32-9ee9f2e4f975": {
        "user_id": "d4a96073-a9df-4a06-a07d-db0065144aa2",
        "created_at": 1733407235.403135,
        "expires_at": 1733493635.403135,
        "ip_address": null
    },
    "9b51011b-262f-4d2b-8a9a-87d72d807803": {
        "user_id": "d4a96073-a9df-4a06-a07d-db0065144aa2",
        "created_at": 1733407237.544322,
        "expires_at": 1733493637.544322,
        "ip_address": null
    },
    "416aadb7-6b1d-4a1b-8f76-a911700020a5": {
        "user_id": "d4a96073-a9df-4a06-a07d-db0065144aa2",
        "created_at": 1733407239.648824,
        "expires_at": 1733493639.648824,
        "ip_address": null
    },
    "d6de8ea8-29b5-4f14-b2f3-110da2b706a2": {
        "user_id": "d4a96073-a9df-4a06-a07d-db0065144aa2",
        "created_at": 1733407244.3204072,
        "expires_at": 1733493644.3204072,
        "ip_address": null
    },
    "9f841862-3c93-4781-9a9f-de4f311d7a36": {
        "user_id": "d4a96073-a9df-4a06-a07d-db0065144aa2",
        "created_at": 1733407246.460072,
        "expires_at": 1733493646.460072,
        "ip_address": null
    },
    "598596b7-6511-4a0a-94b2-7ca1ad05adc2": {
        "user_id": "d4a96073-a9df-4a06-a07d-db0065144aa2",
        "created_at": 1733407539.957639,
        "expires_at": 1733493939.957639,
        "ip_address": null
    },
    "f53cb202-98bf-4b5a-b701-cde17816d0d1": {
        "user_id": "d4a96073-a9df-4a06-a07d-db0065144aa2",
        "created_at": 1733407543.0947762,
        "expires_at": 1733493943.0947762,
        "ip_address": null
    },
    "dc86c3fe-e111-46f7-808d-58625509bcad": {
        "user_id": "d4a96073-a9df-4a06-a07d-db0065144aa2",
        "created_at": 1733407545.1891751,
        "expires_at": 1733493945.1891751,
        "ip_address": null
    },
    "2111deb4-3ee6-4b9e-a542-d2b4d725f761": {
        "user_id": "d4a96073-a9df-4a06-a07d-db0065144aa2",
        "created_at": 1733407547.3317509,
        "expires_at": 1733493947.3317509,
        "ip_address": null
    },
    "806abd4c-ca93-4b2d-a192-49ca377c163f": {
        "user_id": "d4a96073-a9df-4a06-a07d-db0065144aa2",
        "created_at": 1733407549.5502138,
        "expires_at": 1733493949.5502138,
        "ip_address": null
    },
    "a14ff410-c070-457b-aded-083e8605f9f8": {
        "user_id": "d4a96073-a9df-4a06-a07d-db0065144aa2",
        "created_at": 1733407551.7142138,
        "expires_at": 1733493951.7142138,
        "ip_address": null
    },
    "988bfdd7-c03f-4961-9b45-5fb4d21e0c67": {
        "user_id": "d4a96073-a9df-4a06-a07d-db0065144aa2",
        "created_at": 1733407553.8102882,
        "expires_at": 1733493953.8102882,
        "ip_address": null
    },
    "19527664-8de0-4513-bd19-d5e75a5d5760": {
        "user_id": "d4a96073-a9df-4a06-a07d-db0065144aa2",
        "created_at": 1733407555.878984,
        "expires_at": 1733493955.878984,
        "ip_address": null
    },
    "beaac85a-3168-462b-bdd4-815e59e1e9b8": {
        "user_id": "d4a96073-a9df-4a06-a07d-db0065144aa2",
        "created_at": 1733407557.892695,
        "expires_at": 1733493957.892695,
        "ip_address": null
    },